timestamp,base_data_name,model_name,adaptation_method,selection_method,batch_size,seed,lr,n_train_steps,corruption_type,severity,shift_type,latta_anchor_weight,latta_noise_scale,cross_entropy,accuracy_top1
3/20/2026 16:54,cifar10,resnet26,tent,last_iterate,8,2022,0.001,1,gaussian_noise,5,synthetic,NA,NA,1.395381658,63.46
3/20/2026 16:57,cifar10,resnet26,tent,last_iterate,8,2022,0.001,1,frost,5,synthetic,NA,NA,1.102022036,70.57
3/20/2026 17:00,cifar10,resnet26,tent,last_iterate,8,2022,0.001,1,contrast,5,synthetic,NA,NA,0.785915655,78.01
3/20/2026 17:05,cifar10,resnet26,tent,last_iterate,8,2022,0.001,1,motion_blur,5,synthetic,NA,NA,0.881566835,75.39
3/20/2026 17:10,cifar10,resnet26,tent,last_iterate,8,2022,0.001,1,jpeg_compression,5,synthetic,NA,NA,1.307889494,65.7
3/20/2026 17:13,cifar10,resnet26,tent,last_iterate,16,2022,0.001,1,gaussian_noise,5,synthetic,NA,NA,1.285798505,64.8
3/20/2026 17:16,cifar10,resnet26,tent,last_iterate,16,2022,0.001,1,frost,5,synthetic,NA,NA,0.94453379,73.32
3/20/2026 17:20,cifar10,resnet26,tent,last_iterate,16,2022,0.001,1,contrast,5,synthetic,NA,NA,0.620342012,81.75
3/20/2026 17:23,cifar10,resnet26,tent,last_iterate,16,2022,0.001,1,motion_blur,5,synthetic,NA,NA,0.731244628,78.61
3/20/2026 17:26,cifar10,resnet26,tent,last_iterate,16,2022,0.001,1,jpeg_compression,5,synthetic,NA,NA,1.199322734,67.16
3/20/2026 17:27,cifar10,resnet26,tent,last_iterate,32,2022,0.001,1,gaussian_noise,5,synthetic,NA,NA,1.267642009,64.52
3/20/2026 17:30,cifar10,resnet26,tent,last_iterate,32,2022,0.001,1,frost,5,synthetic,NA,NA,0.871175569,74.62
3/20/2026 17:32,cifar10,resnet26,tent,last_iterate,32,2022,0.001,1,contrast,5,synthetic,NA,NA,0.57553665,81.84
3/20/2026 17:34,cifar10,resnet26,tent,last_iterate,32,2022,0.001,1,motion_blur,5,synthetic,NA,NA,0.637209116,80.36
3/20/2026 17:36,cifar10,resnet26,tent,last_iterate,32,2022,0.001,1,jpeg_compression,5,synthetic,NA,NA,1.156093822,67.63
3/20/2026 17:38,cifar10,resnet26,tent,last_iterate,64,2022,0.001,1,gaussian_noise,5,synthetic,NA,NA,1.315306562,62.84
3/20/2026 17:40,cifar10,resnet26,tent,last_iterate,64,2022,0.001,1,frost,5,synthetic,NA,NA,0.870882788,73.81
3/20/2026 17:42,cifar10,resnet26,tent,last_iterate,64,2022,0.001,1,contrast,5,synthetic,NA,NA,0.547938493,82.09
3/20/2026 17:44,cifar10,resnet26,tent,last_iterate,64,2022,0.001,1,motion_blur,5,synthetic,NA,NA,0.603217201,81.02
3/20/2026 17:45,cifar10,resnet26,tent,last_iterate,64,2022,0.001,1,jpeg_compression,5,synthetic,NA,NA,1.164639986,67.26
3/20/2026 17:56,cifar10,resnet26,eata,last_iterate,8,2022,0.001,1,gaussian_noise,5,synthetic,NA,NA,1.682879521,53.11
3/20/2026 18:00,cifar10,resnet26,eata,last_iterate,8,2022,0.001,1,frost,5,synthetic,NA,NA,1.221691524,64.86
3/20/2026 18:03,cifar10,resnet26,eata,last_iterate,8,2022,0.001,1,contrast,5,synthetic,NA,NA,0.879961368,73.78
3/20/2026 18:06,cifar10,resnet26,eata,last_iterate,8,2022,0.001,1,motion_blur,5,synthetic,NA,NA,0.920149419,73.09
3/20/2026 18:10,cifar10,resnet26,eata,last_iterate,8,2022,0.001,1,jpeg_compression,5,synthetic,NA,NA,1.487204999,58.76
3/20/2026 18:12,cifar10,resnet26,eata,last_iterate,16,2022,0.001,1,gaussian_noise,5,synthetic,NA,NA,1.595032656,55.67
3/20/2026 18:14,cifar10,resnet26,eata,last_iterate,16,2022,0.001,1,frost,5,synthetic,NA,NA,1.071276722,68.88
3/20/2026 18:16,cifar10,resnet26,eata,last_iterate,16,2022,0.001,1,contrast,5,synthetic,NA,NA,0.728329655,77.31
3/20/2026 18:18,cifar10,resnet26,eata,last_iterate,16,2022,0.001,1,motion_blur,5,synthetic,NA,NA,0.786390062,76.74
3/20/2026 18:20,cifar10,resnet26,eata,last_iterate,16,2022,0.001,1,jpeg_compression,5,synthetic,NA,NA,1.375456051,61.4
3/20/2026 18:22,cifar10,resnet26,eata,last_iterate,32,2022,0.001,1,gaussian_noise,5,synthetic,NA,NA,1.507215613,58.12
3/20/2026 18:23,cifar10,resnet26,eata,last_iterate,32,2022,0.001,1,frost,5,synthetic,NA,NA,0.969448717,71.29
3/20/2026 18:30,cifar10,resnet26,eata,last_iterate,32,2022,0.001,1,contrast,5,synthetic,NA,NA,0.624529002,79.95
3/20/2026 18:32,cifar10,resnet26,eata,last_iterate,32,2022,0.001,1,motion_blur,5,synthetic,NA,NA,0.68036114,78.84
3/20/2026 18:33,cifar10,resnet26,eata,last_iterate,32,2022,0.001,1,jpeg_compression,5,synthetic,NA,NA,1.283114255,63.83
3/20/2026 18:34,cifar10,resnet26,eata,last_iterate,64,2022,0.001,1,gaussian_noise,5,synthetic,NA,NA,1.463316137,59.26
3/20/2026 18:36,cifar10,resnet26,eata,last_iterate,64,2022,0.001,1,frost,5,synthetic,NA,NA,0.921747656,72.26
3/20/2026 18:37,cifar10,resnet26,eata,last_iterate,64,2022,0.001,1,contrast,5,synthetic,NA,NA,0.57238464,81.2
3/20/2026 18:38,cifar10,resnet26,eata,last_iterate,64,2022,0.001,1,motion_blur,5,synthetic,NA,NA,0.627857386,80.3
3/20/2026 18:39,cifar10,resnet26,eata,last_iterate,64,2022,0.001,1,jpeg_compression,5,synthetic,NA,NA,1.240750781,65.16
3/20/2026 19:07,cifar10,resnet26,tent,last_iterate,8,2022,0.001,1,gaussian_noise,1,synthetic,NA,NA,0.80040995,76.92
3/20/2026 19:12,cifar10,resnet26,tent,last_iterate,8,2022,0.001,1,frost,1,synthetic,NA,NA,0.698704109,79.47
3/20/2026 19:17,cifar10,resnet26,tent,last_iterate,8,2022,0.001,1,contrast,1,synthetic,NA,NA,0.583085154,82.7
3/20/2026 19:21,cifar10,resnet26,tent,last_iterate,8,2022,0.001,1,motion_blur,1,synthetic,NA,NA,0.650752562,80.9
3/20/2026 19:23,cifar10,resnet26,tent,last_iterate,8,2022,0.001,1,jpeg_compression,1,synthetic,NA,NA,0.867640053,75.56
3/20/2026 19:24,cifar10,resnet26,tent,last_iterate,16,2022,0.001,1,gaussian_noise,1,synthetic,NA,NA,0.665377132,79.32
3/20/2026 19:25,cifar10,resnet26,tent,last_iterate,16,2022,0.001,1,frost,1,synthetic,NA,NA,0.545618329,82.94
3/20/2026 19:27,cifar10,resnet26,tent,last_iterate,16,2022,0.001,1,contrast,1,synthetic,NA,NA,0.436380604,86.69
3/20/2026 19:30,cifar10,resnet26,tent,last_iterate,16,2022,0.001,1,motion_blur,1,synthetic,NA,NA,0.505009114,84.53
3/20/2026 19:34,cifar10,resnet26,tent,last_iterate,16,2022,0.001,1,jpeg_compression,1,synthetic,NA,NA,0.722975999,78.45
3/20/2026 19:36,cifar10,resnet26,tent,last_iterate,32,2022,0.001,1,gaussian_noise,1,synthetic,NA,NA,0.603270951,80.88
3/20/2026 19:37,cifar10,resnet26,tent,last_iterate,32,2022,0.001,1,frost,1,synthetic,NA,NA,0.467186626,84.56
3/20/2026 19:40,cifar10,resnet26,tent,last_iterate,32,2022,0.001,1,contrast,1,synthetic,NA,NA,0.364700377,87.91
3/20/2026 19:42,cifar10,resnet26,tent,last_iterate,32,2022,0.001,1,motion_blur,1,synthetic,NA,NA,0.428942522,86.27
3/20/2026 19:44,cifar10,resnet26,tent,last_iterate,32,2022,0.001,1,jpeg_compression,1,synthetic,NA,NA,0.659953443,79.76
3/20/2026 19:46,cifar10,resnet26,tent,last_iterate,64,2022,0.001,1,gaussian_noise,1,synthetic,NA,NA,0.589263929,81.14
3/20/2026 19:48,cifar10,resnet26,tent,last_iterate,64,2022,0.001,1,frost,1,synthetic,NA,NA,0.443541541,85.18
3/20/2026 19:49,cifar10,resnet26,tent,last_iterate,64,2022,0.001,1,contrast,1,synthetic,NA,NA,0.337864127,88.75
3/20/2026 19:51,cifar10,resnet26,tent,last_iterate,64,2022,0.001,1,motion_blur,1,synthetic,NA,NA,0.398034706,87.32
3/20/2026 19:53,cifar10,resnet26,tent,last_iterate,64,2022,0.001,1,jpeg_compression,1,synthetic,NA,NA,0.642761972,80.3
3/20/2026 19:57,cifar10,resnet26,eata,last_iterate,8,2022,0.001,1,gaussian_noise,1,synthetic,NA,NA,0.945700055,71.69
3/20/2026 20:00,cifar10,resnet26,eata,last_iterate,8,2022,0.001,1,frost,1,synthetic,NA,NA,0.7834418,76.41
3/20/2026 20:04,cifar10,resnet26,eata,last_iterate,8,2022,0.001,1,contrast,1,synthetic,NA,NA,0.637719228,80.22
3/20/2026 20:07,cifar10,resnet26,eata,last_iterate,8,2022,0.001,1,motion_blur,1,synthetic,NA,NA,0.694721365,78.7
3/20/2026 20:10,cifar10,resnet26,eata,last_iterate,8,2022,0.001,1,jpeg_compression,1,synthetic,NA,NA,0.979245717,70.97
3/20/2026 20:13,cifar10,resnet26,eata,last_iterate,16,2022,0.001,1,gaussian_noise,1,synthetic,NA,NA,0.799744737,75.28
3/20/2026 20:15,cifar10,resnet26,eata,last_iterate,16,2022,0.001,1,frost,1,synthetic,NA,NA,0.628722913,80.1
3/20/2026 20:17,cifar10,resnet26,eata,last_iterate,16,2022,0.001,1,contrast,1,synthetic,NA,NA,0.494493193,84.78
3/20/2026 20:20,cifar10,resnet26,eata,last_iterate,16,2022,0.001,1,motion_blur,1,synthetic,NA,NA,0.557296168,82.85
3/20/2026 20:22,cifar10,resnet26,eata,last_iterate,16,2022,0.001,1,jpeg_compression,1,synthetic,NA,NA,0.825787009,75.11
3/20/2026 20:24,cifar10,resnet26,eata,last_iterate,32,2022,0.001,1,gaussian_noise,1,synthetic,NA,NA,0.692537295,78.18
3/20/2026 20:26,cifar10,resnet26,eata,last_iterate,32,2022,0.001,1,frost,1,synthetic,NA,NA,0.524934315,82.68
3/20/2026 20:28,cifar10,resnet26,eata,last_iterate,32,2022,0.001,1,contrast,1,synthetic,NA,NA,0.402747288,86.82
3/20/2026 20:29,cifar10,resnet26,eata,last_iterate,32,2022,0.001,1,motion_blur,1,synthetic,NA,NA,0.46374059,85.19
3/20/2026 20:31,cifar10,resnet26,eata,last_iterate,32,2022,0.001,1,jpeg_compression,1,synthetic,NA,NA,0.729061495,77.46
3/20/2026 20:32,cifar10,resnet26,eata,last_iterate,64,2022,0.001,1,gaussian_noise,1,synthetic,NA,NA,0.644422027,79.32
3/20/2026 20:34,cifar10,resnet26,eata,last_iterate,64,2022,0.001,1,frost,1,synthetic,NA,NA,0.47346393,84.19
3/20/2026 20:35,cifar10,resnet26,eata,last_iterate,64,2022,0.001,1,contrast,1,synthetic,NA,NA,0.358065888,88.2
3/20/2026 20:36,cifar10,resnet26,eata,last_iterate,64,2022,0.001,1,motion_blur,1,synthetic,NA,NA,0.415717795,86.7
3/20/2026 20:38,cifar10,resnet26,eata,last_iterate,64,2022,0.001,1,jpeg_compression,1,synthetic,NA,NA,0.682442722,78.93
3/21/2026 14:57,cifar10,resnet26,sar,last_iterate,8,2022,0.001,1,gaussian_noise,1,synthetic,NA,NA,0.78860099,77.13
3/21/2026 15:04,cifar10,resnet26,sar,last_iterate,8,2022,0.001,1,frost,1,synthetic,NA,NA,0.691494708,79.58
3/21/2026 15:13,cifar10,resnet26,sar,last_iterate,8,2022,0.001,1,contrast,1,synthetic,NA,NA,0.578673353,82.76
3/21/2026 15:21,cifar10,resnet26,sar,last_iterate,8,2022,0.001,1,motion_blur,1,synthetic,NA,NA,0.647467757,80.94
3/21/2026 15:29,cifar10,resnet26,sar,last_iterate,8,2022,0.001,1,jpeg_compression,1,synthetic,NA,NA,0.847941377,75.85
3/21/2026 15:34,cifar10,resnet26,sar,last_iterate,16,2022,0.001,1,gaussian_noise,1,synthetic,NA,NA,0.656104622,79.69
3/21/2026 15:37,cifar10,resnet26,sar,last_iterate,16,2022,0.001,1,frost,1,synthetic,NA,NA,0.54187994,83.05
3/21/2026 15:39,cifar10,resnet26,sar,last_iterate,16,2022,0.001,1,contrast,1,synthetic,NA,NA,0.438078696,86.52
3/21/2026 15:41,cifar10,resnet26,sar,last_iterate,16,2022,0.001,1,motion_blur,1,synthetic,NA,NA,0.502552759,84.66
3/21/2026 15:43,cifar10,resnet26,sar,last_iterate,16,2022,0.001,1,jpeg_compression,1,synthetic,NA,NA,0.715489953,78.57
3/21/2026 15:45,cifar10,resnet26,sar,last_iterate,32,2022,0.001,1,gaussian_noise,1,synthetic,NA,NA,0.600902878,80.87
3/21/2026 15:46,cifar10,resnet26,sar,last_iterate,32,2022,0.001,1,frost,1,synthetic,NA,NA,0.466709878,84.55
3/21/2026 15:48,cifar10,resnet26,sar,last_iterate,32,2022,0.001,1,contrast,1,synthetic,NA,NA,0.364583433,87.96
3/21/2026 15:50,cifar10,resnet26,sar,last_iterate,32,2022,0.001,1,motion_blur,1,synthetic,NA,NA,0.428662927,86.23
3/21/2026 15:52,cifar10,resnet26,sar,last_iterate,32,2022,0.001,1,jpeg_compression,1,synthetic,NA,NA,0.657536368,79.8
3/21/2026 15:53,cifar10,resnet26,sar,last_iterate,64,2022,0.001,1,gaussian_noise,1,synthetic,NA,NA,0.588217351,81.16
3/21/2026 15:55,cifar10,resnet26,sar,last_iterate,64,2022,0.001,1,frost,1,synthetic,NA,NA,0.443178881,85.17
3/21/2026 15:56,cifar10,resnet26,sar,last_iterate,64,2022,0.001,1,contrast,1,synthetic,NA,NA,0.337726816,88.75
3/21/2026 15:58,cifar10,resnet26,sar,last_iterate,64,2022,0.001,1,motion_blur,1,synthetic,NA,NA,0.39768396,87.33
3/21/2026 15:59,cifar10,resnet26,sar,last_iterate,64,2022,0.001,1,jpeg_compression,1,synthetic,NA,NA,0.642829726,80.25
3/21/2026 16:11,cifar10,resnet26,sar,last_iterate,8,2022,0.001,1,gaussian_noise,5,synthetic,NA,NA,1.372228174,63.65
3/21/2026 16:14,cifar10,resnet26,sar,last_iterate,8,2022,0.001,1,frost,5,synthetic,NA,NA,1.084832603,70.68
3/21/2026 16:17,cifar10,resnet26,sar,last_iterate,8,2022,0.001,1,contrast,5,synthetic,NA,NA,0.786851148,78
3/21/2026 16:20,cifar10,resnet26,sar,last_iterate,8,2022,0.001,1,motion_blur,5,synthetic,NA,NA,0.868028044,75.55
3/21/2026 16:22,cifar10,resnet26,sar,last_iterate,8,2022,0.001,1,jpeg_compression,5,synthetic,NA,NA,1.291424614,66.07
3/21/2026 16:24,cifar10,resnet26,sar,last_iterate,16,2022,0.001,1,gaussian_noise,5,synthetic,NA,NA,1.265362019,65.31
3/21/2026 16:26,cifar10,resnet26,sar,last_iterate,16,2022,0.001,1,frost,5,synthetic,NA,NA,0.933994263,73.7
3/21/2026 16:28,cifar10,resnet26,sar,last_iterate,16,2022,0.001,1,contrast,5,synthetic,NA,NA,0.643278712,80.97
3/21/2026 16:30,cifar10,resnet26,sar,last_iterate,16,2022,0.001,1,motion_blur,5,synthetic,NA,NA,0.727785187,78.72
3/21/2026 16:32,cifar10,resnet26,sar,last_iterate,16,2022,0.001,1,jpeg_compression,5,synthetic,NA,NA,1.196374783,67
3/21/2026 16:34,cifar10,resnet26,sar,last_iterate,32,2022,0.001,1,gaussian_noise,5,synthetic,NA,NA,1.256849199,64.78
3/21/2026 16:36,cifar10,resnet26,sar,last_iterate,32,2022,0.001,1,frost,5,synthetic,NA,NA,0.868936702,74.65
3/21/2026 16:37,cifar10,resnet26,sar,last_iterate,32,2022,0.001,1,contrast,5,synthetic,NA,NA,0.581815388,81.56
3/21/2026 16:39,cifar10,resnet26,sar,last_iterate,32,2022,0.001,1,motion_blur,5,synthetic,NA,NA,0.636880164,80.34
3/21/2026 16:41,cifar10,resnet26,sar,last_iterate,32,2022,0.001,1,jpeg_compression,5,synthetic,NA,NA,1.145995568,67.82
3/21/2026 16:42,cifar10,resnet26,sar,last_iterate,64,2022,0.001,1,gaussian_noise,5,synthetic,NA,NA,1.315546482,62.8
3/21/2026 16:44,cifar10,resnet26,sar,last_iterate,64,2022,0.001,1,frost,5,synthetic,NA,NA,0.870063017,73.81
3/21/2026 16:45,cifar10,resnet26,sar,last_iterate,64,2022,0.001,1,contrast,5,synthetic,NA,NA,0.549747241,81.99
3/21/2026 16:47,cifar10,resnet26,sar,last_iterate,64,2022,0.001,1,motion_blur,5,synthetic,NA,NA,0.603771688,80.98
3/21/2026 16:48,cifar10,resnet26,sar,last_iterate,64,2022,0.001,1,jpeg_compression,5,synthetic,NA,NA,1.163287853,67.19
3/22/2026 12:18,cifar10,resnet26,tent,last_iterate,8,2022,0.001,1,gaussian_noise,2,synthetic,NA,NA,0.994702891,72.42
3/22/2026 12:22,cifar10,resnet26,tent,last_iterate,8,2022,0.001,1,frost,2,synthetic,NA,NA,0.792049726,77.49
3/22/2026 12:27,cifar10,resnet26,tent,last_iterate,8,2022,0.001,1,contrast,2,synthetic,NA,NA,0.606656802,82.2
3/22/2026 12:29,cifar10,resnet26,tent,last_iterate,8,2022,0.001,1,motion_blur,2,synthetic,NA,NA,0.703203056,79.41
3/22/2026 12:31,cifar10,resnet26,tent,last_iterate,8,2022,0.001,1,jpeg_compression,2,synthetic,NA,NA,1.024591334,71.79
3/22/2026 12:32,cifar10,resnet26,tent,last_iterate,16,2022,0.001,1,gaussian_noise,2,synthetic,NA,NA,0.868410329,74.29
3/22/2026 12:33,cifar10,resnet26,tent,last_iterate,16,2022,0.001,1,frost,2,synthetic,NA,NA,0.641870755,80.54
3/22/2026 12:35,cifar10,resnet26,tent,last_iterate,16,2022,0.001,1,contrast,2,synthetic,NA,NA,0.468840415,85.89
3/22/2026 12:36,cifar10,resnet26,tent,last_iterate,16,2022,0.001,1,motion_blur,2,synthetic,NA,NA,0.557300834,83.12
3/22/2026 12:37,cifar10,resnet26,tent,last_iterate,16,2022,0.001,1,jpeg_compression,2,synthetic,NA,NA,0.896290434,73.95
3/22/2026 12:38,cifar10,resnet26,tent,last_iterate,32,2022,0.001,1,gaussian_noise,2,synthetic,NA,NA,0.81172642,75.38
3/22/2026 12:39,cifar10,resnet26,tent,last_iterate,32,2022,0.001,1,frost,2,synthetic,NA,NA,0.582015597,81.41
3/22/2026 12:40,cifar10,resnet26,tent,last_iterate,32,2022,0.001,1,contrast,2,synthetic,NA,NA,0.39989484,86.97
3/22/2026 12:41,cifar10,resnet26,tent,last_iterate,32,2022,0.001,1,motion_blur,2,synthetic,NA,NA,0.478178708,84.43
3/22/2026 12:42,cifar10,resnet26,tent,last_iterate,32,2022,0.001,1,jpeg_compression,2,synthetic,NA,NA,0.841447772,74.86
3/22/2026 12:43,cifar10,resnet26,tent,last_iterate,64,2022,0.001,1,gaussian_noise,2,synthetic,NA,NA,0.826208301,74.6
3/22/2026 12:44,cifar10,resnet26,tent,last_iterate,64,2022,0.001,1,frost,2,synthetic,NA,NA,0.563059897,82.14
3/22/2026 12:45,cifar10,resnet26,tent,last_iterate,64,2022,0.001,1,contrast,2,synthetic,NA,NA,0.372786935,87.61
3/22/2026 12:46,cifar10,resnet26,tent,last_iterate,64,2022,0.001,1,motion_blur,2,synthetic,NA,NA,0.449142805,85.53
3/22/2026 12:46,cifar10,resnet26,tent,last_iterate,64,2022,0.001,1,jpeg_compression,2,synthetic,NA,NA,0.835762324,74.68
3/22/2026 12:50,cifar10,resnet26,sar,last_iterate,8,2022,0.001,1,gaussian_noise,2,synthetic,NA,NA,0.985404511,72.65
3/22/2026 12:52,cifar10,resnet26,sar,last_iterate,8,2022,0.001,1,frost,2,synthetic,NA,NA,0.790782827,77.5
3/22/2026 12:55,cifar10,resnet26,sar,last_iterate,8,2022,0.001,1,contrast,2,synthetic,NA,NA,0.605274103,82.37
3/22/2026 12:58,cifar10,resnet26,sar,last_iterate,8,2022,0.001,1,motion_blur,2,synthetic,NA,NA,0.69692149,79.46
3/22/2026 13:01,cifar10,resnet26,sar,last_iterate,8,2022,0.001,1,jpeg_compression,2,synthetic,NA,NA,1.030721421,71.4
3/22/2026 13:03,cifar10,resnet26,sar,last_iterate,16,2022,0.001,1,gaussian_noise,2,synthetic,NA,NA,0.859191583,74.42
3/22/2026 13:05,cifar10,resnet26,sar,last_iterate,16,2022,0.001,1,frost,2,synthetic,NA,NA,0.637437055,80.66
3/22/2026 13:07,cifar10,resnet26,sar,last_iterate,16,2022,0.001,1,contrast,2,synthetic,NA,NA,0.470845798,85.79
3/22/2026 13:09,cifar10,resnet26,sar,last_iterate,16,2022,0.001,1,motion_blur,2,synthetic,NA,NA,0.556187951,83
3/22/2026 13:11,cifar10,resnet26,sar,last_iterate,16,2022,0.001,1,jpeg_compression,2,synthetic,NA,NA,0.888866251,74.2
3/22/2026 13:13,cifar10,resnet26,sar,last_iterate,32,2022,0.001,1,gaussian_noise,2,synthetic,NA,NA,0.808115848,75.42
3/22/2026 13:15,cifar10,resnet26,sar,last_iterate,32,2022,0.001,1,frost,2,synthetic,NA,NA,0.581179783,81.5
3/22/2026 13:16,cifar10,resnet26,sar,last_iterate,32,2022,0.001,1,contrast,2,synthetic,NA,NA,0.401308157,86.95
3/22/2026 13:18,cifar10,resnet26,sar,last_iterate,32,2022,0.001,1,motion_blur,2,synthetic,NA,NA,0.477809581,84.43
3/22/2026 13:20,cifar10,resnet26,sar,last_iterate,32,2022,0.001,1,jpeg_compression,2,synthetic,NA,NA,0.837767042,74.98
3/22/2026 13:21,cifar10,resnet26,sar,last_iterate,64,2022,0.001,1,gaussian_noise,2,synthetic,NA,NA,0.825607076,74.65
3/22/2026 13:22,cifar10,resnet26,sar,last_iterate,64,2022,0.001,1,frost,2,synthetic,NA,NA,0.563135143,82.12
3/22/2026 13:24,cifar10,resnet26,sar,last_iterate,64,2022,0.001,1,contrast,2,synthetic,NA,NA,0.37322678,87.59
3/22/2026 13:25,cifar10,resnet26,sar,last_iterate,64,2022,0.001,1,motion_blur,2,synthetic,NA,NA,0.448659171,85.56
3/22/2026 13:27,cifar10,resnet26,sar,last_iterate,64,2022,0.001,1,jpeg_compression,2,synthetic,NA,NA,0.834060941,74.71
3/22/2026 13:28,cifar10,resnet26,eata,last_iterate,8,2022,0.001,1,gaussian_noise,2,synthetic,NA,NA,1.204867088,64.93
3/22/2026 13:29,cifar10,resnet26,eata,last_iterate,8,2022,0.001,1,frost,2,synthetic,NA,NA,0.902868613,72.81
3/22/2026 13:32,cifar10,resnet26,eata,last_iterate,8,2022,0.001,1,contrast,2,synthetic,NA,NA,0.67622022,79.25
3/22/2026 13:35,cifar10,resnet26,eata,last_iterate,8,2022,0.001,1,motion_blur,2,synthetic,NA,NA,0.747471489,77.32
3/22/2026 13:38,cifar10,resnet26,eata,last_iterate,8,2022,0.001,1,jpeg_compression,2,synthetic,NA,NA,1.173085512,65.53
3/22/2026 13:40,cifar10,resnet26,eata,last_iterate,16,2022,0.001,1,gaussian_noise,2,synthetic,NA,NA,1.073903709,68.58
3/22/2026 13:42,cifar10,resnet26,eata,last_iterate,16,2022,0.001,1,frost,2,synthetic,NA,NA,0.742621502,76.97
3/22/2026 13:44,cifar10,resnet26,eata,last_iterate,16,2022,0.001,1,contrast,2,synthetic,NA,NA,0.540214046,83.18
3/22/2026 13:46,cifar10,resnet26,eata,last_iterate,16,2022,0.001,1,motion_blur,2,synthetic,NA,NA,0.608655235,81.19
3/22/2026 13:48,cifar10,resnet26,eata,last_iterate,16,2022,0.001,1,jpeg_compression,2,synthetic,NA,NA,1.030900152,69.57
3/22/2026 13:49,cifar10,resnet26,eata,last_iterate,32,2022,0.001,1,gaussian_noise,2,synthetic,NA,NA,0.965095756,71.09
3/22/2026 13:51,cifar10,resnet26,eata,last_iterate,32,2022,0.001,1,frost,2,synthetic,NA,NA,0.653261813,79.4
3/22/2026 13:52,cifar10,resnet26,eata,last_iterate,32,2022,0.001,1,contrast,2,synthetic,NA,NA,0.437049256,85.93
3/22/2026 13:54,cifar10,resnet26,eata,last_iterate,32,2022,0.001,1,motion_blur,2,synthetic,NA,NA,0.511884532,83.59
3/22/2026 13:56,cifar10,resnet26,eata,last_iterate,32,2022,0.001,1,jpeg_compression,2,synthetic,NA,NA,0.939954994,72.14
3/22/2026 13:57,cifar10,resnet26,eata,last_iterate,64,2022,0.001,1,gaussian_noise,2,synthetic,NA,NA,0.914143666,72.01
3/22/2026 13:58,cifar10,resnet26,eata,last_iterate,64,2022,0.001,1,frost,2,synthetic,NA,NA,0.604165232,80.94
3/22/2026 13:59,cifar10,resnet26,eata,last_iterate,64,2022,0.001,1,contrast,2,synthetic,NA,NA,0.392467539,87
3/22/2026 14:00,cifar10,resnet26,eata,last_iterate,64,2022,0.001,1,motion_blur,2,synthetic,NA,NA,0.467160566,84.91
3/22/2026 14:01,cifar10,resnet26,eata,last_iterate,64,2022,0.001,1,jpeg_compression,2,synthetic,NA,NA,0.889125945,72.98
3/22/2026 14:53,cifar10,resnet26,tent,last_iterate,8,2022,0.001,1,gaussian_noise,3,synthetic,NA,NA,1.191483617,67.53
3/22/2026 14:57,cifar10,resnet26,tent,last_iterate,8,2022,0.001,1,frost,3,synthetic,NA,NA,0.940190432,74
3/22/2026 15:02,cifar10,resnet26,tent,last_iterate,8,2022,0.001,1,contrast,3,synthetic,NA,NA,0.626111885,81.3
3/22/2026 15:07,cifar10,resnet26,tent,last_iterate,8,2022,0.001,1,motion_blur,3,synthetic,NA,NA,0.804329181,77.21
3/22/2026 15:12,cifar10,resnet26,tent,last_iterate,8,2022,0.001,1,jpeg_compression,3,synthetic,NA,NA,1.097932344,70.12
3/22/2026 15:16,cifar10,resnet26,tent,last_iterate,16,2022,0.001,1,gaussian_noise,3,synthetic,NA,NA,1.070351354,69.4
3/22/2026 15:19,cifar10,resnet26,tent,last_iterate,16,2022,0.001,1,frost,3,synthetic,NA,NA,0.780652048,76.98
3/22/2026 15:22,cifar10,resnet26,tent,last_iterate,16,2022,0.001,1,contrast,3,synthetic,NA,NA,0.490655706,84.82
3/22/2026 15:25,cifar10,resnet26,tent,last_iterate,16,2022,0.001,1,motion_blur,3,synthetic,NA,NA,0.64704982,80.85
3/22/2026 15:28,cifar10,resnet26,tent,last_iterate,16,2022,0.001,1,jpeg_compression,3,synthetic,NA,NA,0.965493145,72.34
3/22/2026 15:31,cifar10,resnet26,tent,last_iterate,32,2022,0.001,1,gaussian_noise,3,synthetic,NA,NA,1.036686442,70.13
3/22/2026 15:33,cifar10,resnet26,tent,last_iterate,32,2022,0.001,1,frost,3,synthetic,NA,NA,0.706568132,78.26
3/22/2026 15:35,cifar10,resnet26,tent,last_iterate,32,2022,0.001,1,contrast,3,synthetic,NA,NA,0.424028408,86.27
3/22/2026 15:38,cifar10,resnet26,tent,last_iterate,32,2022,0.001,1,motion_blur,3,synthetic,NA,NA,0.558704834,82.64
3/22/2026 15:40,cifar10,resnet26,tent,last_iterate,32,2022,0.001,1,jpeg_compression,3,synthetic,NA,NA,0.911374625,73.59
3/22/2026 15:42,cifar10,resnet26,tent,last_iterate,64,2022,0.001,1,gaussian_noise,3,synthetic,NA,NA,1.062795651,68.97
3/22/2026 15:44,cifar10,resnet26,tent,last_iterate,64,2022,0.001,1,frost,3,synthetic,NA,NA,0.700488802,78.12
3/22/2026 15:45,cifar10,resnet26,tent,last_iterate,64,2022,0.001,1,contrast,3,synthetic,NA,NA,0.396785816,86.83
3/22/2026 15:46,cifar10,resnet26,tent,last_iterate,64,2022,0.001,1,motion_blur,3,synthetic,NA,NA,0.531644848,82.76
3/22/2026 15:47,cifar10,resnet26,tent,last_iterate,64,2022,0.001,1,jpeg_compression,3,synthetic,NA,NA,0.906854353,72.88
3/22/2026 15:55,cifar10,resnet26,sar,last_iterate,8,2022,0.001,1,gaussian_noise,3,synthetic,NA,NA,1.157543857,68.1
3/22/2026 16:04,cifar10,resnet26,sar,last_iterate,8,2022,0.001,1,frost,3,synthetic,NA,NA,0.929090595,73.98
3/22/2026 16:12,cifar10,resnet26,sar,last_iterate,8,2022,0.001,1,contrast,3,synthetic,NA,NA,0.628202446,81.44
3/22/2026 16:20,cifar10,resnet26,sar,last_iterate,8,2022,0.001,1,motion_blur,3,synthetic,NA,NA,0.796911114,77.43
3/22/2026 16:24,cifar10,resnet26,sar,last_iterate,8,2022,0.001,1,jpeg_compression,3,synthetic,NA,NA,1.076391693,70.51
3/22/2026 16:26,cifar10,resnet26,sar,last_iterate,16,2022,0.001,1,gaussian_noise,3,synthetic,NA,NA,1.059392765,69.62
3/22/2026 16:31,cifar10,resnet26,sar,last_iterate,16,2022,0.001,1,frost,3,synthetic,NA,NA,0.780753504,76.97
3/22/2026 16:35,cifar10,resnet26,sar,last_iterate,16,2022,0.001,1,contrast,3,synthetic,NA,NA,0.495524393,84.72
3/22/2026 16:41,cifar10,resnet26,sar,last_iterate,16,2022,0.001,1,motion_blur,3,synthetic,NA,NA,0.644888707,80.82
3/22/2026 16:46,cifar10,resnet26,sar,last_iterate,16,2022,0.001,1,jpeg_compression,3,synthetic,NA,NA,0.957907419,72.18
3/22/2026 16:50,cifar10,resnet26,sar,last_iterate,32,2022,0.001,1,gaussian_noise,3,synthetic,NA,NA,1.035852318,70.15
3/22/2026 16:55,cifar10,resnet26,sar,last_iterate,32,2022,0.001,1,frost,3,synthetic,NA,NA,0.707617726,78.18
3/22/2026 16:58,cifar10,resnet26,sar,last_iterate,32,2022,0.001,1,contrast,3,synthetic,NA,NA,0.425611022,86.15
3/22/2026 16:59,cifar10,resnet26,sar,last_iterate,32,2022,0.001,1,motion_blur,3,synthetic,NA,NA,0.558162869,82.59
3/22/2026 17:01,cifar10,resnet26,sar,last_iterate,32,2022,0.001,1,jpeg_compression,3,synthetic,NA,NA,0.90941059,73.63
3/22/2026 17:03,cifar10,resnet26,sar,last_iterate,64,2022,0.001,1,gaussian_noise,3,synthetic,NA,NA,1.061960698,68.98
3/22/2026 17:04,cifar10,resnet26,sar,last_iterate,64,2022,0.001,1,frost,3,synthetic,NA,NA,0.70054329,78.12
3/22/2026 17:06,cifar10,resnet26,sar,last_iterate,64,2022,0.001,1,contrast,3,synthetic,NA,NA,0.397968564,86.75
3/22/2026 17:07,cifar10,resnet26,sar,last_iterate,64,2022,0.001,1,motion_blur,3,synthetic,NA,NA,0.531147423,82.76
3/22/2026 17:09,cifar10,resnet26,sar,last_iterate,64,2022,0.001,1,jpeg_compression,3,synthetic,NA,NA,0.905772292,72.95
3/22/2026 17:10,cifar10,resnet26,eata,last_iterate,8,2022,0.001,1,gaussian_noise,3,synthetic,NA,NA,1.446592745,58.56
3/22/2026 17:12,cifar10,resnet26,eata,last_iterate,8,2022,0.001,1,frost,3,synthetic,NA,NA,1.038939343,69.44
3/22/2026 17:13,cifar10,resnet26,eata,last_iterate,8,2022,0.001,1,contrast,3,synthetic,NA,NA,0.706880539,78.4
3/22/2026 17:15,cifar10,resnet26,eata,last_iterate,8,2022,0.001,1,motion_blur,3,synthetic,NA,NA,0.843561745,74.79
3/22/2026 17:16,cifar10,resnet26,eata,last_iterate,8,2022,0.001,1,jpeg_compression,3,synthetic,NA,NA,1.242818566,63.8
3/22/2026 17:17,cifar10,resnet26,eata,last_iterate,16,2022,0.001,1,gaussian_noise,3,synthetic,NA,NA,1.326000241,62.13
3/22/2026 17:18,cifar10,resnet26,eata,last_iterate,16,2022,0.001,1,frost,3,synthetic,NA,NA,0.900082873,72.89
3/22/2026 17:19,cifar10,resnet26,eata,last_iterate,16,2022,0.001,1,contrast,3,synthetic,NA,NA,0.568088242,82
3/22/2026 17:20,cifar10,resnet26,eata,last_iterate,16,2022,0.001,1,motion_blur,3,synthetic,NA,NA,0.696596511,78.98
3/22/2026 17:21,cifar10,resnet26,eata,last_iterate,16,2022,0.001,1,jpeg_compression,3,synthetic,NA,NA,1.115520423,66.87
3/22/2026 17:21,cifar10,resnet26,eata,last_iterate,32,2022,0.001,1,gaussian_noise,3,synthetic,NA,NA,1.229175118,64.75
3/22/2026 17:22,cifar10,resnet26,eata,last_iterate,32,2022,0.001,1,frost,3,synthetic,NA,NA,0.791974849,75.6
3/22/2026 17:23,cifar10,resnet26,eata,last_iterate,32,2022,0.001,1,contrast,3,synthetic,NA,NA,0.462902833,84.96
3/22/2026 17:23,cifar10,resnet26,eata,last_iterate,32,2022,0.001,1,motion_blur,3,synthetic,NA,NA,0.599420452,81.29
3/22/2026 17:24,cifar10,resnet26,eata,last_iterate,32,2022,0.001,1,jpeg_compression,3,synthetic,NA,NA,1.024563362,70.2
3/22/2026 17:25,cifar10,resnet26,eata,last_iterate,64,2022,0.001,1,gaussian_noise,3,synthetic,NA,NA,1.17362818,65.71
3/22/2026 17:25,cifar10,resnet26,eata,last_iterate,64,2022,0.001,1,frost,3,synthetic,NA,NA,0.745688667,76.61
3/22/2026 17:26,cifar10,resnet26,eata,last_iterate,64,2022,0.001,1,contrast,3,synthetic,NA,NA,0.417877758,86.11
3/22/2026 17:27,cifar10,resnet26,eata,last_iterate,64,2022,0.001,1,motion_blur,3,synthetic,NA,NA,0.552931536,82.27
3/22/2026 17:27,cifar10,resnet26,eata,last_iterate,64,2022,0.001,1,jpeg_compression,3,synthetic,NA,NA,0.969077086,71.15
3/22/2026 17:39,cifar10,resnet26,tent,last_iterate,8,2022,0.001,1,gaussian_noise,4,synthetic,NA,NA,1.305375059,65.34
3/22/2026 17:41,cifar10,resnet26,tent,last_iterate,8,2022,0.001,1,frost,4,synthetic,NA,NA,0.961811681,73.54
3/22/2026 17:43,cifar10,resnet26,tent,last_iterate,8,2022,0.001,1,contrast,4,synthetic,NA,NA,0.665844593,80.5
3/22/2026 17:45,cifar10,resnet26,tent,last_iterate,8,2022,0.001,1,motion_blur,4,synthetic,NA,NA,0.804505855,76.74
3/22/2026 17:46,cifar10,resnet26,tent,last_iterate,8,2022,0.001,1,jpeg_compression,4,synthetic,NA,NA,1.19965177,68.13
3/22/2026 17:48,cifar10,resnet26,tent,last_iterate,16,2022,0.001,1,gaussian_noise,4,synthetic,NA,NA,1.157363528,67.78
3/22/2026 17:49,cifar10,resnet26,tent,last_iterate,16,2022,0.001,1,frost,4,synthetic,NA,NA,0.818172439,76.41
3/22/2026 17:50,cifar10,resnet26,tent,last_iterate,16,2022,0.001,1,contrast,4,synthetic,NA,NA,0.53008294,83.79
3/22/2026 17:52,cifar10,resnet26,tent,last_iterate,16,2022,0.001,1,motion_blur,4,synthetic,NA,NA,0.652342233,80.49
3/22/2026 17:53,cifar10,resnet26,tent,last_iterate,16,2022,0.001,1,jpeg_compression,4,synthetic,NA,NA,1.075815713,69.57
3/22/2026 17:54,cifar10,resnet26,tent,last_iterate,32,2022,0.001,1,gaussian_noise,4,synthetic,NA,NA,1.146151267,67.38
3/22/2026 17:55,cifar10,resnet26,tent,last_iterate,32,2022,0.001,1,frost,4,synthetic,NA,NA,0.75010596,77.59
3/22/2026 17:56,cifar10,resnet26,tent,last_iterate,32,2022,0.001,1,contrast,4,synthetic,NA,NA,0.465947513,84.86
3/22/2026 17:57,cifar10,resnet26,tent,last_iterate,32,2022,0.001,1,motion_blur,4,synthetic,NA,NA,0.570573161,82.19
3/22/2026 17:58,cifar10,resnet26,tent,last_iterate,32,2022,0.001,1,jpeg_compression,4,synthetic,NA,NA,1.010911004,71.17
3/22/2026 17:59,cifar10,resnet26,tent,last_iterate,64,2022,0.001,1,gaussian_noise,4,synthetic,NA,NA,1.188643061,65.61
3/22/2026 18:00,cifar10,resnet26,tent,last_iterate,64,2022,0.001,1,frost,4,synthetic,NA,NA,0.727410264,78
3/22/2026 18:01,cifar10,resnet26,tent,last_iterate,64,2022,0.001,1,contrast,4,synthetic,NA,NA,0.437334939,85.43
3/22/2026 18:02,cifar10,resnet26,tent,last_iterate,64,2022,0.001,1,motion_blur,4,synthetic,NA,NA,0.538578558,82.57
3/22/2026 18:03,cifar10,resnet26,tent,last_iterate,64,2022,0.001,1,jpeg_compression,4,synthetic,NA,NA,1.006400243,70.41
3/22/2026 18:06,cifar10,resnet26,sar,last_iterate,8,2022,0.001,1,gaussian_noise,4,synthetic,NA,NA,1.251062699,65.91
3/22/2026 18:09,cifar10,resnet26,sar,last_iterate,8,2022,0.001,1,frost,4,synthetic,NA,NA,0.945193781,73.63
3/22/2026 18:13,cifar10,resnet26,sar,last_iterate,8,2022,0.001,1,contrast,4,synthetic,NA,NA,0.662008504,80.72
3/22/2026 18:16,cifar10,resnet26,sar,last_iterate,8,2022,0.001,1,motion_blur,4,synthetic,NA,NA,0.787173552,76.92
3/22/2026 18:19,cifar10,resnet26,sar,last_iterate,8,2022,0.001,1,jpeg_compression,4,synthetic,NA,NA,1.18541908,67.9
3/22/2026 18:21,cifar10,resnet26,sar,last_iterate,16,2022,0.001,1,gaussian_noise,4,synthetic,NA,NA,1.146303553,67.95
3/22/2026 18:23,cifar10,resnet26,sar,last_iterate,16,2022,0.001,1,frost,4,synthetic,NA,NA,0.81415606,76.42
3/22/2026 18:25,cifar10,resnet26,sar,last_iterate,16,2022,0.001,1,contrast,4,synthetic,NA,NA,0.535491834,83.59
3/22/2026 18:27,cifar10,resnet26,sar,last_iterate,16,2022,0.001,1,motion_blur,4,synthetic,NA,NA,0.649311288,80.68
3/22/2026 18:29,cifar10,resnet26,sar,last_iterate,16,2022,0.001,1,jpeg_compression,4,synthetic,NA,NA,1.05387659,69.84
3/22/2026 18:31,cifar10,resnet26,sar,last_iterate,32,2022,0.001,1,gaussian_noise,4,synthetic,NA,NA,1.138463484,67.57
3/22/2026 18:32,cifar10,resnet26,sar,last_iterate,32,2022,0.001,1,frost,4,synthetic,NA,NA,0.749486824,77.58
3/22/2026 18:34,cifar10,resnet26,sar,last_iterate,32,2022,0.001,1,contrast,4,synthetic,NA,NA,0.468536255,84.74
3/22/2026 18:36,cifar10,resnet26,sar,last_iterate,32,2022,0.001,1,motion_blur,4,synthetic,NA,NA,0.568458473,82.16
3/22/2026 18:37,cifar10,resnet26,sar,last_iterate,32,2022,0.001,1,jpeg_compression,4,synthetic,NA,NA,1.006812654,71.29
3/22/2026 18:39,cifar10,resnet26,sar,last_iterate,64,2022,0.001,1,gaussian_noise,4,synthetic,NA,NA,1.184506883,65.68
3/22/2026 18:40,cifar10,resnet26,sar,last_iterate,64,2022,0.001,1,frost,4,synthetic,NA,NA,0.727847278,78
3/22/2026 18:42,cifar10,resnet26,sar,last_iterate,64,2022,0.001,1,contrast,4,synthetic,NA,NA,0.437949646,85.43
3/22/2026 18:44,cifar10,resnet26,sar,last_iterate,64,2022,0.001,1,motion_blur,4,synthetic,NA,NA,0.538374078,82.55
3/22/2026 18:45,cifar10,resnet26,sar,last_iterate,64,2022,0.001,1,jpeg_compression,4,synthetic,NA,NA,1.004353174,70.5
3/22/2026 18:46,cifar10,resnet26,eata,last_iterate,8,2022,0.001,1,gaussian_noise,4,synthetic,NA,NA,1.559512748,55.92
3/22/2026 18:48,cifar10,resnet26,eata,last_iterate,8,2022,0.001,1,frost,4,synthetic,NA,NA,1.063463361,68.58
3/22/2026 18:49,cifar10,resnet26,eata,last_iterate,8,2022,0.001,1,contrast,4,synthetic,NA,NA,0.756232794,77.02
3/22/2026 18:50,cifar10,resnet26,eata,last_iterate,8,2022,0.001,1,motion_blur,4,synthetic,NA,NA,0.838823008,74.52
3/22/2026 18:52,cifar10,resnet26,eata,last_iterate,8,2022,0.001,1,jpeg_compression,4,synthetic,NA,NA,1.350612131,61.92
3/22/2026 18:53,cifar10,resnet26,eata,last_iterate,16,2022,0.001,1,gaussian_noise,4,synthetic,NA,NA,1.447941671,59.19
3/22/2026 18:54,cifar10,resnet26,eata,last_iterate,16,2022,0.001,1,frost,4,synthetic,NA,NA,0.937172695,72.55
3/22/2026 18:55,cifar10,resnet26,eata,last_iterate,16,2022,0.001,1,contrast,4,synthetic,NA,NA,0.612209393,80.53
3/22/2026 18:55,cifar10,resnet26,eata,last_iterate,16,2022,0.001,1,motion_blur,4,synthetic,NA,NA,0.703277385,78.97
3/22/2026 18:56,cifar10,resnet26,eata,last_iterate,16,2022,0.001,1,jpeg_compression,4,synthetic,NA,NA,1.215194319,64.57
3/22/2026 18:57,cifar10,resnet26,eata,last_iterate,32,2022,0.001,1,gaussian_noise,4,synthetic,NA,NA,1.354622415,61.3
3/22/2026 18:58,cifar10,resnet26,eata,last_iterate,32,2022,0.001,1,frost,4,synthetic,NA,NA,0.832490586,74.77
3/22/2026 18:59,cifar10,resnet26,eata,last_iterate,32,2022,0.001,1,contrast,4,synthetic,NA,NA,0.507455443,83.3
3/22/2026 18:59,cifar10,resnet26,eata,last_iterate,32,2022,0.001,1,motion_blur,4,synthetic,NA,NA,0.606730931,80.9
3/22/2026 19:00,cifar10,resnet26,eata,last_iterate,32,2022,0.001,1,jpeg_compression,4,synthetic,NA,NA,1.134437423,67.12
3/22/2026 19:01,cifar10,resnet26,eata,last_iterate,64,2022,0.001,1,gaussian_noise,4,synthetic,NA,NA,1.315131904,62.11
3/22/2026 19:01,cifar10,resnet26,eata,last_iterate,64,2022,0.001,1,frost,4,synthetic,NA,NA,0.776138462,76.33
3/22/2026 19:02,cifar10,resnet26,eata,last_iterate,64,2022,0.001,1,contrast,4,synthetic,NA,NA,0.460653902,84.61
3/22/2026 19:03,cifar10,resnet26,eata,last_iterate,64,2022,0.001,1,motion_blur,4,synthetic,NA,NA,0.559506902,81.94
3/22/2026 19:03,cifar10,resnet26,eata,last_iterate,64,2022,0.001,1,jpeg_compression,4,synthetic,NA,NA,1.076526694,68.54
